{
  "gender": "M",
  "n_samples": 2898,
  "n_features": 103,
  "cv_accuracy_mean": 0.7230890999547716,
  "cv_accuracy_std": 0.03202940648068374,
  "cv_log_loss_mean": 0.5866585735560158,
  "cv_log_loss_std": 0.06952477907413705,
  "cv_auc_mean": 0.7708608288682816,
  "cv_auc_std": 0.044823884379810816,
  "auto_tuned": false
}