{
  "gender": "M",
  "n_samples": 2898,
  "n_features": 67,
  "cv_accuracy_mean": 0.7185888738127544,
  "cv_accuracy_std": 0.025785188403528673,
  "cv_log_loss_mean": 0.5829382155504437,
  "cv_log_loss_std": 0.06562295823500308,
  "cv_auc_mean": 0.7752552868239698,
  "cv_auc_std": 0.041992977511900315,
  "auto_tuned": false
}