{
  "gender": "W",
  "n_samples": 1922,
  "n_features": 103,
  "cv_accuracy_mean": 0.7506988865197821,
  "cv_accuracy_std": 0.04781234451826033,
  "cv_log_loss_mean": 0.48690983277978717,
  "cv_log_loss_std": 0.10229165226516704,
  "cv_auc_mean": 0.8483136039660455,
  "cv_auc_std": 0.05578274423929843,
  "auto_tuned": false
}