{
  "W": {
    "gender": "W",
    "n_samples": 1922,
    "n_features": 39,
    "cv_accuracy_mean": 0.7536839611466477,
    "cv_accuracy_std": 0.03437120919164153,
    "cv_log_loss_mean": 0.49251888849760644,
    "cv_log_loss_std": 0.07746777976518605,
    "cv_auc_mean": 0.8465692318857198,
    "cv_auc_std": 0.04200915421341065,
    "auto_tuned": false
  }
}