{
  "M": {
    "gender": "M",
    "n_samples": 2898,
    "n_features": 103,
    "cv_accuracy_mean": 0.7140886476707372,
    "cv_accuracy_std": 0.030534331272569964,
    "cv_log_loss_mean": 0.586100407945725,
    "cv_log_loss_std": 0.06888108298016826,
    "cv_auc_mean": 0.7727347903384275,
    "cv_auc_std": 0.045354240086403944,
    "auto_tuned": false
  },
  "W": {
    "gender": "W",
    "n_samples": 1922,
    "n_features": 103,
    "cv_accuracy_mean": 0.7553660270078181,
    "cv_accuracy_std": 0.04363721176592336,
    "cv_log_loss_mean": 0.4870701483409691,
    "cv_log_loss_std": 0.09808548690724977,
    "cv_auc_mean": 0.8474166997393084,
    "cv_auc_std": 0.05194238584831694,
    "auto_tuned": false
  }
}