{
  "gender": "W",
  "n_samples": 1922,
  "n_features": 28,
  "cv_accuracy_mean": 0.6887467424780858,
  "cv_accuracy_std": 0.010482220266205622,
  "cv_log_loss_mean": 0.5910715257304322,
  "cv_log_loss_std": 0.06108330822913288,
  "cv_auc_mean": 0.7690286622639781,
  "cv_auc_std": 0.041126450955554526
}